Date;ReturnIndex;company_return;market_return;;;;
21/03/2016;565,95;;;;;;
22/03/2016;567,28;0,24%;0,27%;;;;
23/03/2016;573,51;1,10%;-1,10%;;;;
24/03/2016;573,95;0,08%;0,10%;;;;
28/03/2016;571,73;-0,39%;-0,14%;;;;
29/03/2016;567,28;-0,78%;1,67%;;;;
30/03/2016;571,73;0,78%;0,47%;;;;
31/03/2016;563,28;-1,48%;0,01%;;;;
01/04/2016;559,27;-0,71%;0,92%;;;;
04/04/2016;562,39;0,56%;-0,46%;;;;
05/04/2016;569,51;1,27%;-0,98%;;;;
06/04/2016;566,84;-0,47%;1,59%;;;;
07/04/2016;568,62;0,31%;-1,47%;;;;
08/04/2016;567,28;-0,24%;0,05%;;;;
11/04/2016;556,6;-1,88%;-0,36%;;;;
12/04/2016;551,71;-0,88%;0,80%;;;;
13/04/2016;552,6;0,16%;1,55%;;;;
14/04/2016;551,93;-0,12%;-0,03%;;;;
15/04/2016;563,28;2,06%;-0,16%;;;;
18/04/2016;560,61;-0,47%;0,44%;;;;
19/04/2016;562,83;0,40%;-0,40%;;;;
20/04/2016;568,17;0,95%;0,16%;;;;
21/04/2016;569,06;0,16%;-0,05%;;;;
22/04/2016;565,95;-0,55%;-0,80%;;;;
25/04/2016;571,28;0,94%;-0,21%;;;;
26/04/2016;571,73;0,08%;-0,15%;;;;
27/04/2016;571,73;0,00%;-0,51%;;;;
28/04/2016;568,62;-0,54%;-1,19%;;;;
29/04/2016;557,94;-1,88%;-0,62%;;;;
02/05/2016;556,16;-0,32%;0,88%;;;;
03/05/2016;556,16;0,00%;-1,13%;;;;
04/05/2016;561,5;0,96%;-0,79%;;;;
05/05/2016;557,94;-0,63%;-0,18%;;;;
06/05/2016;566,39;1,51%;0,40%;;;;
09/05/2016;555,49;-1,92%;0,30%;;;;
10/05/2016;561,05;1,00%;1,26%;;;;
11/05/2016;566,39;0,95%;-1,02%;;;;
12/05/2016;557,49;-1,57%;-0,49%;;;;
13/05/2016;565,95;1,52%;-0,41%;;;;
16/05/2016;563,72;-0,39%;1,22%;;;;
17/05/2016;556,16;-1,34%;-1,25%;;;;
18/05/2016;556,6;0,08%;0,50%;;;;
19/05/2016;552,15;-0,80%;-0,56%;;;;
20/05/2016;551,71;-0,08%;1,21%;;;;
23/05/2016;559,27;1,37%;-0,08%;;;;
24/05/2016;555,71;-0,64%;2,00%;;;;
25/05/2016;561,05;0,96%;0,70%;;;;
26/05/2016;564,39;0,60%;0,14%;;;;
27/05/2016;557,94;-1,14%;0,65%;;;;
31/05/2016;541,47;-2,95%;0,29%;;;;
01/06/2016;565,05;4,35%;0,08%;;;;
02/06/2016;565,05;0,00%;0,39%;;;;
03/06/2016;565,05;0,00%;-0,58%;;;;
06/06/2016;555,71;-1,65%;0,53%;;;;
07/06/2016;555,27;-0,08%;-0,14%;;;;
08/06/2016;556,16;0,16%;0,26%;;;;
09/06/2016;556,16;0,00%;-0,32%;;;;
10/06/2016;549,71;-1,16%;-1,29%;;;;
13/06/2016;547,7;-0,37%;-0,94%;;;;
14/06/2016;547,7;0,00%;-0,10%;;;;
15/06/2016;541,56;-1,12%;-0,18%;;;;
16/06/2016;546,37;0,89%;0,21%;;;;
17/06/2016;545,03;-0,25%;-0,92%;;;;
20/06/2016;560,61;2,86%;0,77%;;;;
21/06/2016;551,71;-1,59%;0,14%;;;;
22/06/2016;545,7;-1,09%;-0,22%;;;;
23/06/2016;540,58;-0,94%;1,59%;;;;
24/06/2016;547,26;1,24%;-4,12%;;;;
27/06/2016;537,47;-1,79%;-2,41%;;;;
28/06/2016;534,36;-0,58%;2,12%;;;;
29/06/2016;534,46;0,02%;1,86%;;;;
30/06/2016;534,8;0,06%;1,33%;;;;
01/07/2016;538,36;0,67%;0,41%;;;;
05/07/2016;529,02;-1,73%;-0,82%;;;;
06/07/2016;524,12;-0,93%;0,75%;;;;
07/07/2016;533,49;1,79%;0,36%;;;;
08/07/2016;526,35;-1,34%;1,64%;;;;
11/07/2016;533,91;1,44%;0,64%;;;;
12/07/2016;545,03;2,08%;0,69%;;;;
13/07/2016;545,03;0,00%;-0,34%;;;;
14/07/2016;545,03;0,00%;0,57%;;;;
15/07/2016;555,93;2,00%;-0,09%;;;;
18/07/2016;553,94;-0,36%;0,52%;;;;
19/07/2016;556,16;0,40%;-0,38%;;;;
20/07/2016;554,38;-0,32%;1,06%;;;;
21/07/2016;558,43;0,73%;-0,31%;;;;
22/07/2016;553,93;-0,81%;0,52%;;;;
25/07/2016;534,36;-3,53%;-0,05%;;;;
26/07/2016;560,61;4,91%;0,24%;;;;
27/07/2016;556,16;-0,79%;0,58%;;;;
28/07/2016;558,05;0,34%;0,30%;;;;
29/07/2016;556,16;-0,34%;0,14%;;;;
01/08/2016;551,71;-0,80%;0,43%;;;;
02/08/2016;558,83;1,29%;-0,90%;;;;
03/08/2016;564,12;0,95%;0,43%;;;;
04/08/2016;571,73;1,35%;0,13%;;;;
05/08/2016;560,17;-2,02%;1,06%;;;;
08/08/2016;570,79;1,90%;-0,15%;;;;
09/08/2016;575,2;0,77%;0,24%;;;;
10/08/2016;591,31;2,80%;-0,40%;;;;
11/08/2016;577,96;-2,26%;0,46%;;;;
12/08/2016;577,96;0,00%;0,09%;;;;
15/08/2016;575,39;-0,44%;0,56%;;;;
16/08/2016;580,16;0,83%;-0,66%;;;;
17/08/2016;575,96;-0,72%;0,03%;;;;
18/08/2016;569,73;-1,08%;0,22%;;;;
19/08/2016;577,74;1,41%;-0,03%;;;;
22/08/2016;582,41;0,81%;0,12%;;;;
23/08/2016;578,4;-0,69%;0,30%;;;;
24/08/2016;579,29;0,15%;-0,81%;;;;
25/08/2016;578,85;-0,08%;-0,11%;;;;
26/08/2016;578,85;0,00%;0,13%;;;;
29/08/2016;569,63;-1,59%;0,26%;;;;
30/08/2016;583,3;2,40%;-0,18%;;;;
31/08/2016;589,08;0,99%;-0,19%;;;;
01/09/2016;568,17;-3,55%;0,27%;;;;
02/09/2016;568,17;0,00%;0,43%;;;;
06/09/2016;577,96;1,72%;0,50%;;;;
07/09/2016;571,73;-1,08%;0,15%;;;;
08/09/2016;571,28;-0,08%;-0,46%;;;;
09/09/2016;565,95;-0,93%;-2,54%;;;;
12/09/2016;578,85;2,28%;1,68%;;;;
13/09/2016;578,4;-0,08%;-1,09%;;;;
14/09/2016;577,96;-0,08%;0,36%;;;;
15/09/2016;579,29;0,23%;1,47%;;;;
16/09/2016;613,11;5,84%;-0,10%;;;;
19/09/2016;578,92;-5,58%;-0,18%;;;;
20/09/2016;580,63;0,30%;0,12%;;;;
21/09/2016;587,3;1,15%;1,03%;;;;
22/09/2016;593,53;1,06%;0,84%;;;;
23/09/2016;601,76;1,39%;-0,63%;;;;
26/09/2016;604,88;0,52%;-0,91%;;;;
27/09/2016;599,74;-0,85%;0,92%;;;;
28/09/2016;596,17;-0,60%;0,24%;;;;
29/09/2016;598,4;0,37%;-0,93%;;;;
30/09/2016;613,81;2,58%;0,81%;;;;
03/10/2016;614,48;0,11%;-0,21%;;;;
04/10/2016;603,76;-1,74%;-0,21%;;;;
05/10/2016;609,49;0,95%;0,50%;;;;
06/10/2016;609,49;0,00%;-0,17%;;;;
07/10/2016;615,37;0,96%;-0,27%;;;;
10/10/2016;609,57;-0,94%;0,69%;;;;
11/10/2016;609,57;0,00%;-1,54%;;;;
12/10/2016;601,53;-1,32%;-0,15%;;;;
13/10/2016;594,38;-1,19%;-0,49%;;;;
14/10/2016;594,83;0,08%;0,02%;;;;
17/10/2016;600,63;0,98%;-0,28%;;;;
18/10/2016;600,63;0,00%;0,85%;;;;
19/10/2016;600,63;0,00%;0,05%;;;;
20/10/2016;605,1;0,74%;-0,09%;;;;
21/10/2016;609,57;0,74%;0,30%;;;;
24/10/2016;607,33;-0,37%;1,00%;;;;
25/10/2016;607,33;0,00%;-0,50%;;;;
26/10/2016;605,1;-0,37%;-0,63%;;;;
27/10/2016;601,28;-0,63%;-0,65%;;;;
28/10/2016;600,63;-0,11%;-0,50%;;;;
31/10/2016;602,87;0,37%;-0,02%;;;;
01/11/2016;605,1;0,37%;-0,69%;;;;
02/11/2016;598,4;-1,11%;-0,93%;;;;
03/11/2016;600,63;0,37%;-0,92%;;;;
04/11/2016;600,63;0,00%;-0,24%;;;;
07/11/2016;600,63;0,00%;2,37%;;;;
08/11/2016;602,87;0,37%;0,53%;;;;
09/11/2016;598,4;-0,74%;1,11%;;;;
10/11/2016;596,17;-0,37%;-0,80%;;;;
11/11/2016;606,22;1,69%;0,54%;;;;
14/11/2016;614,03;1,29%;-0,36%;;;;
15/11/2016;609,57;-0,73%;1,10%;;;;
16/11/2016;601,75;-1,28%;0,36%;;;;
17/11/2016;611,8;1,67%;0,74%;;;;
18/11/2016;611,8;0,00%;-0,23%;;;;
21/11/2016;631,89;3,28%;0,89%;;;;
22/11/2016;663,15;4,95%;0,33%;;;;
23/11/2016;676,55;2,02%;-0,11%;;;;
25/11/2016;698,88;3,30%;0,34%;;;;
28/11/2016;707,81;1,28%;-0,56%;;;;
29/11/2016;710,04;0,32%;0,21%;;;;
30/11/2016;710,04;0,00%;-1,05%;;;;
01/12/2016;723,44;1,89%;-1,36%;;;;
02/12/2016;703,34;-2,78%;0,09%;;;;
05/12/2016;718,98;2,22%;1,01%;;;;
06/12/2016;727,91;1,24%;0,45%;;;;
07/12/2016;759,17;4,29%;1,14%;;;;
08/12/2016;765,86;0,88%;0,44%;;;;
09/12/2016;785,96;2,62%;0,50%;;;;
12/12/2016;756,93;-3,69%;-0,59%;;;;
13/12/2016;756,93;0,00%;0,95%;;;;
14/12/2016;750,23;-0,89%;-0,50%;;;;
15/12/2016;752,47;0,30%;0,37%;;;;
16/12/2016;752,47;0,00%;-0,36%;;;;
19/12/2016;770,33;2,37%;0,37%;;;;
20/12/2016;783,73;1,74%;0,49%;;;;
21/12/2016;774,8;-1,14%;-0,23%;;;;
22/12/2016;771,49;-0,43%;-0,44%;;;;
23/12/2016;774,8;0,43%;0,28%;;;;
27/12/2016;808,29;4,32%;0,45%;;;;
28/12/2016;814,99;0,83%;-0,89%;;;;
29/12/2016;806,06;-1,10%;-0,12%;;;;
30/12/2016;837,4;3,89%;-0,90%;;;;
03/01/2017;835,16;-0,27%;0,85%;;;;
04/01/2017;837,4;0,27%;0,88%;;;;
05/01/2017;835,16;-0,27%;0,20%;;;;
06/01/2017;872,36;4,45%;0,60%;;;;
09/01/2017;886,66;1,64%;0,19%;;;;
10/01/2017;895,62;1,01%;0,36%;;;;
11/01/2017;891,14;-0,50%;0,21%;;;;
12/01/2017;853,08;-4,27%;-0,29%;;;;
13/01/2017;781,43;-8,40%;0,48%;;;;
17/01/2017;741,12;-5,16%;-0,63%;;;;
18/01/2017;747,84;0,91%;0,31%;;;;
19/01/2017;761,27;1,80%;-0,28%;;;;
20/01/2017;732,17;-3,82%;0,28%;;;;
23/01/2017;741,12;1,22%;-0,04%;;;;
24/01/2017;732,17;-1,21%;0,86%;;;;
25/01/2017;734,41;0,31%;0,99%;;;;
26/01/2017;743,36;1,22%;-0,02%;;;;
27/01/2017;754,56;1,51%;0,10%;;;;
30/01/2017;741,12;-1,78%;-0,83%;;;;
31/01/2017;752,32;1,51%;0,02%;;;;
01/02/2017;747,84;-0,60%;0,50%;;;;
02/02/2017;767,99;2,69%;-0,11%;;;;
03/02/2017;806,06;4,96%;0,54%;;;;
06/02/2017;817,25;1,39%;-0,06%;;;;
07/02/2017;823,97;0,82%;0,19%;;;;
08/02/2017;823,97;0,00%;0,15%;;;;
09/02/2017;828,45;0,54%;0,58%;;;;
10/02/2017;844,12;1,89%;0,33%;;;;
13/02/2017;844,12;0,00%;0,52%;;;;
14/02/2017;846,36;0,27%;0,32%;;;;
15/02/2017;850,84;0,53%;0,64%;;;;
16/02/2017;855,31;0,53%;-0,08%;;;;
17/02/2017;855,31;0,00%;0,41%;;;;
21/02/2017;853,08;-0,26%;0,47%;;;;
22/02/2017;853,08;0,00%;-0,09%;;;;
23/02/2017;848,6;-0,53%;-0,43%;;;;
24/02/2017;832,92;-1,85%;0,17%;;;;
27/02/2017;853,08;2,42%;0,28%;;;;
28/02/2017;846,36;-0,79%;-0,62%;;;;
01/03/2017;848,6;0,26%;1,35%;;;;
02/03/2017;832,92;-1,85%;-0,73%;;;;
03/03/2017;835,16;0,27%;0,16%;;;;
06/03/2017;837,4;0,27%;-0,37%;;;;
07/03/2017;828,45;-1,07%;-0,26%;;;;
08/03/2017;823,97;-0,54%;0,06%;;;;
09/03/2017;815,01;-1,09%;0,02%;;;;
10/03/2017;817,25;0,27%;0,39%;;;;
13/03/2017;812,77;-0,55%;0,24%;;;;
14/03/2017;821,73;1,10%;-0,32%;;;;
15/03/2017;815,01;-0,82%;0,74%;;;;
16/03/2017;823,97;1,10%;0,01%;;;;
17/03/2017;850,84;3,26%;0,00%;;;;
20/03/2017;828,45;-2,63%;0,01%;;;;
21/03/2017;792,62;-4,32%;-1,82%;;;;
22/03/2017;785,9;-0,85%;0,48%;;;;
23/03/2017;810,53;3,13%;-0,07%;;;;
24/03/2017;821,73;1,38%;0,19%;;;;
27/03/2017;823,97;0,27%;0,20%;;;;
28/03/2017;812,77;-1,36%;0,60%;;;;
29/03/2017;806,06;-0,83%;0,38%;;;;
30/03/2017;810,53;0,55%;0,28%;;;;
31/03/2017;828,5;2,22%;-0,04%;;;;
03/04/2017;826,25;-0,27%;-0,29%;;;;
04/04/2017;826,25;0,00%;0,07%;;;;
05/04/2017;828,5;0,27%;-0,58%;;;;
06/04/2017;828,5;0,00%;0,25%;;;;
07/04/2017;832,99;0,54%;-0,02%;;;;
10/04/2017;810,53;-2,70%;0,05%;;;;
11/04/2017;808,29;-0,28%;-0,24%;;;;
12/04/2017;815,02;0,83%;-0,52%;;;;
13/04/2017;810,53;-0,55%;-0,53%;;;;
17/04/2017;801,55;-1,11%;0,89%;;;;
18/04/2017;788,08;-1,68%;-0,12%;;;;
19/04/2017;799,31;1,42%;0,23%;;;;
20/04/2017;808,29;1,12%;0,92%;;;;
21/04/2017;828,5;2,50%;-0,11%;;;;
24/04/2017;832,99;0,54%;1,24%;;;;
25/04/2017;815,02;-2,16%;0,70%;;;;
26/04/2017;828,5;1,65%;0,00%;;;;
27/04/2017;812,78;-1,90%;0,39%;;;;
28/04/2017;803,8;-1,10%;-0,02%;;;;
01/05/2017;785,84;-2,23%;0,73%;;;;
02/05/2017;756,65;-3,71%;0,06%;;;;
03/05/2017;783,59;3,56%;-0,37%;;;;
04/05/2017;785,84;0,29%;0,05%;;;;
05/05/2017;808,29;2,86%;0,42%;;;;
08/05/2017;800,43;-0,97%;0,03%;;;;
09/05/2017;794,82;-0,70%;0,29%;;;;
10/05/2017;803,8;1,13%;0,14%;;;;
11/05/2017;799,31;-0,56%;-0,22%;;;;
12/05/2017;781,35;-2,25%;0,09%;;;;
15/05/2017;774,61;-0,86%;0,46%;;;;
16/05/2017;774,61;0,00%;0,33%;;;;
17/05/2017;763,38;-1,45%;-2,57%;;;;
18/05/2017;767,87;0,59%;0,73%;;;;
19/05/2017;772,36;0,58%;0,47%;;;;
22/05/2017;770,12;-0,29%;0,82%;;;;
23/05/2017;783,59;1,75%;0,08%;;;;
24/05/2017;770,12;-1,72%;0,40%;;;;
25/05/2017;774,61;0,58%;0,69%;;;;
26/05/2017;774,61;0,00%;0,08%;;;;
30/05/2017;775,73;0,14%;-0,11%;;;;
31/05/2017;776,86;0,15%;-0,08%;;;;
01/06/2017;774,61;-0,29%;0,78%;;;;
02/06/2017;779,1;0,58%;0,94%;;;;
05/06/2017;803,8;3,17%;-0,16%;;;;
06/06/2017;765,63;-4,75%;-0,33%;;;;
07/06/2017;774,61;1,17%;0,36%;;;;
08/06/2017;767,87;-0,87%;0,39%;;;;
09/06/2017;788,08;2,63%;-1,80%;;;;
12/06/2017;763,38;-3,13%;-0,52%;;;;
13/06/2017;765,63;0,29%;0,73%;;;;
14/06/2017;764,51;-0,15%;-0,41%;;;;
15/06/2017;763,38;-0,15%;-0,47%;;;;
16/06/2017;765,63;0,29%;-0,22%;;;;
19/06/2017;763,38;-0,29%;1,42%;;;;
20/06/2017;752,16;-1,47%;-0,82%;;;;
21/06/2017;754,4;0,30%;0,74%;;;;
22/06/2017;754,4;0,00%;0,04%;;;;
23/06/2017;754,4;0,00%;0,46%;;;;
26/06/2017;763,38;1,19%;-0,29%;;;;
27/06/2017;775,73;1,62%;-1,61%;;;;
28/06/2017;785,84;1,30%;1,43%;;;;
29/06/2017;788,08;0,29%;-1,44%;;;;
30/06/2017;794,84;0,86%;-0,06%;;;;
03/07/2017;779,07;-1,98%;-0,49%;;;;
05/07/2017;776,82;-0,29%;0,67%;;;;
06/07/2017;776,82;0,00%;-1,00%;;;;
07/07/2017;776,82;0,00%;1,04%;;;;
10/07/2017;785,83;1,16%;0,38%;;;;
11/07/2017;779,07;-0,86%;0,27%;;;;
12/07/2017;788,08;1,16%;1,10%;;;;
13/07/2017;785,83;-0,29%;0,21%;;;;
14/07/2017;776,82;-1,15%;0,61%;;;;
17/07/2017;776,82;0,00%;0,03%;;;;
18/07/2017;776,82;0,00%;0,47%;;;;
19/07/2017;779,07;0,29%;0,64%;;;;
20/07/2017;781,33;0,29%;0,08%;;;;
21/07/2017;772,32;-1,15%;-0,04%;;;;
24/07/2017;776,82;0,58%;0,36%;;;;
25/07/2017;772,32;-0,58%;0,02%;;;;
26/07/2017;772,32;0,00%;0,16%;;;;
27/07/2017;774,57;0,29%;-0,63%;;;;
28/07/2017;785,83;1,45%;-0,12%;;;;
31/07/2017;772,32;-1,72%;-0,42%;;;;
01/08/2017;772,32;0,00%;0,23%;;;;
02/08/2017;772,32;0,00%;0,00%;;;;
03/08/2017;772,32;0,00%;-0,35%;;;;
04/08/2017;772,32;0,00%;0,18%;;;;
07/08/2017;772,32;0,00%;0,51%;;;;
08/08/2017;783,58;1,46%;-0,21%;;;;
09/08/2017;765,56;-2,30%;-0,28%;;;;
10/08/2017;765,56;0,00%;-2,13%;;;;
11/08/2017;765,56;0,00%;0,64%;;;;
14/08/2017;770,07;0,59%;1,34%;;;;
15/08/2017;765,56;-0,59%;-0,11%;;;;
16/08/2017;763,31;-0,29%;0,19%;;;;
17/08/2017;758,81;-0,59%;-1,94%;;;;
18/08/2017;767,82;1,19%;-0,09%;;;;
21/08/2017;766,69;-0,15%;-0,05%;;;;
22/08/2017;781,33;1,91%;1,36%;;;;
23/08/2017;779,07;-0,29%;-0,30%;;;;
24/08/2017;770,07;-1,16%;-0,11%;;;;
25/08/2017;772,32;0,29%;-0,09%;;;;
28/08/2017;774,57;0,29%;0,28%;;;;
29/08/2017;774,57;0,00%;0,30%;;;;
30/08/2017;779,07;0,58%;1,05%;;;;
31/08/2017;774,57;-0,58%;0,95%;;;;
01/09/2017;783,58;1,16%;0,10%;;;;
05/09/2017;767,82;-2,01%;-0,93%;;;;
06/09/2017;770,07;0,29%;0,28%;;;;
07/09/2017;776,82;0,88%;0,07%;;;;
08/09/2017;774,57;-0,29%;-0,59%;;;;
11/09/2017;774,57;0,00%;1,13%;;;;
12/09/2017;772,32;-0,29%;0,34%;;;;
13/09/2017;774,57;0,29%;0,09%;;;;
14/09/2017;781,33;0,87%;-0,48%;;;;
15/09/2017;788,08;0,86%;0,30%;;;;
18/09/2017;790,33;0,29%;0,10%;;;;
19/09/2017;794,84;0,57%;0,10%;;;;
20/09/2017;799,34;0,57%;-0,08%;;;;
21/09/2017;819,6;2,53%;-0,52%;;;;
22/09/2017;833,11;1,65%;0,07%;;;;
25/09/2017;819,6;-1,62%;-0,88%;;;;
26/09/2017;833,11;1,65%;0,15%;;;;
27/09/2017;830,86;-0,27%;1,15%;;;;
28/09/2017;828,61;-0,27%;0,00%;;;;
29/09/2017;817,35;-1,36%;0,66%;;;;
02/10/2017;803,84;-1,65%;0,32%;;;;
03/10/2017;799,34;-0,56%;0,23%;;;;
04/10/2017;799,34;0,00%;0,04%;;;;
05/10/2017;808,35;1,13%;0,78%;;;;
06/10/2017;806,09;-0,28%;0,07%;;;;
09/10/2017;806,09;0,00%;-0,16%;;;;
10/10/2017;803,84;-0,28%;0,11%;;;;
11/10/2017;810,6;0,84%;0,25%;;;;
12/10/2017;803,84;-0,83%;-0,18%;;;;
13/10/2017;804,97;0,14%;0,22%;;;;
16/10/2017;806,09;0,14%;0,28%;;;;
17/10/2017;809,47;0,42%;-0,01%;;;;
18/10/2017;803,84;-0,70%;0,01%;;;;
19/10/2017;808,35;0,56%;-0,29%;;;;
20/10/2017;808,35;0,00%;0,36%;;;;
23/10/2017;808,35;0,00%;-0,64%;;;;
24/10/2017;808,35;0,00%;0,18%;;;;
25/10/2017;821,86;1,67%;-0,52%;;;;
26/10/2017;830,86;1,10%;-0,11%;;;;
27/10/2017;833,11;0,27%;2,20%;;;;
30/10/2017;808,35;-2,97%;-0,03%;;;;
31/10/2017;810,6;0,28%;0,43%;;;;
01/11/2017;803,84;-0,83%;-0,17%;;;;
02/11/2017;808,35;0,56%;-0,02%;;;;
03/11/2017;810,6;0,28%;0,74%;;;;
06/11/2017;803,84;-0,83%;0,33%;;;;
07/11/2017;776,82;-3,36%;-0,27%;;;;
08/11/2017;797,09;2,61%;0,32%;;;;
09/11/2017;797,09;0,00%;-0,58%;;;;
10/11/2017;790,33;-0,85%;0,01%;;;;
13/11/2017;781,33;-1,14%;0,10%;;;;
14/11/2017;783,8;0,32%;-0,29%;;;;
15/11/2017;813,3;3,76%;-0,47%;;;;
16/11/2017;811,04;-0,28%;1,30%;;;;
17/11/2017;811,04;0,00%;-0,15%;;;;
20/11/2017;815,56;0,56%;0,12%;;;;
21/11/2017;817,82;0,28%;1,06%;;;;
22/11/2017;817,82;0,00%;0,07%;;;;
24/11/2017;829,11;1,38%;0,32%;;;;
27/11/2017;820,08;-1,09%;-0,15%;;;;
28/11/2017;826,85;0,83%;0,49%;;;;
29/11/2017;820,08;-0,82%;-1,27%;;;;
30/11/2017;829,11;1,10%;0,73%;;;;
01/12/2017;824,6;-0,54%;-0,38%;;;;
04/12/2017;831,15;0,79%;-1,05%;;;;
05/12/2017;829,11;-0,25%;-0,19%;;;;
06/12/2017;831,37;0,27%;0,21%;;;;
07/12/2017;824,6;-0,81%;0,54%;;;;
08/12/2017;826,85;0,27%;0,40%;;;;
11/12/2017;829,11;0,27%;0,51%;;;;
12/12/2017;824,18;-0,59%;-0,19%;;;;
13/12/2017;826,85;0,32%;0,20%;;;;
14/12/2017;833,63;0,82%;-0,28%;;;;
15/12/2017;829,11;-0,54%;1,17%;;;;
18/12/2017;824,6;-0,54%;0,84%;;;;
19/12/2017;822,34;-0,27%;-0,44%;;;;
20/12/2017;822,34;0,00%;-0,04%;;;;
21/12/2017;831,37;1,10%;0,06%;;;;
22/12/2017;833,63;0,27%;-0,08%;;;;
26/12/2017;833,63;0,00%;-0,34%;;;;
27/12/2017;822,34;-1,35%;0,04%;;;;
28/12/2017;822,34;0,00%;0,16%;;;;
29/12/2017;826,85;0,55%;-0,67%;;;;
02/01/2018;826,85;0,00%;1,50%;;;;
03/01/2018;835,89;1,09%;0,84%;;;;
04/01/2018;822,34;-1,62%;0,18%;;;;
05/01/2018;822,34;0,00%;0,83%;;;;
08/01/2018;824,6;0,27%;0,29%;;;;
09/01/2018;829,11;0,55%;0,09%;;;;
10/01/2018;831,3;0,26%;-0,14%;;;;
11/01/2018;835,89;0,55%;0,81%;;;;
12/01/2018;840,41;0,54%;0,68%;;;;
16/01/2018;853,96;1,61%;-0,51%;;;;
17/01/2018;863;1,06%;1,03%;;;;
18/01/2018;872,04;1,05%;-0,03%;;;;
19/01/2018;881,07;1,04%;0,55%;;;;
22/01/2018;876,33;-0,54%;0,98%;;;;
23/01/2018;876,56;0,03%;0,71%;;;;
24/01/2018;874,3;-0,26%;-0,61%;;;;
25/01/2018;878,82;0,52%;-0,05%;;;;
26/01/2018;865,26;-1,54%;1,28%;;;;
29/01/2018;867,52;0,26%;-0,52%;;;;
30/01/2018;867,52;0,00%;-0,86%;;;;
31/01/2018;890,11;2,60%;0,12%;;;;
01/02/2018;872,04;-2,03%;-0,35%;;;;
02/02/2018;867,52;-0,52%;-1,96%;;;;
05/02/2018;867,52;0,00%;-3,78%;;;;
06/02/2018;869,78;0,26%;2,13%;;;;
07/02/2018;869,78;0,00%;-0,90%;;;;
08/02/2018;865,26;-0,52%;-3,90%;;;;
09/02/2018;867,52;0,26%;1,44%;;;;
12/02/2018;863;-0,52%;1,56%;;;;
13/02/2018;869,78;0,79%;0,45%;;;;
14/02/2018;869,78;0,00%;1,86%;;;;
15/02/2018;870,23;0,05%;1,58%;;;;
16/02/2018;874,76;0,52%;-0,23%;;;;
20/02/2018;870,23;-0,52%;-0,07%;;;;
21/02/2018;877,03;0,78%;-0,22%;;;;
22/02/2018;877,03;0,00%;-0,11%;;;;
23/02/2018;872,5;-0,52%;1,77%;;;;
26/02/2018;899,69;3,12%;1,15%;;;;
27/02/2018;883,33;-1,82%;-1,23%;;;;
28/02/2018;883,83;0,06%;-0,78%;;;;
01/03/2018;888,36;0,51%;-1,27%;;;;
02/03/2018;888,36;0,00%;1,08%;;;;
05/03/2018;874,76;-1,53%;1,00%;;;;
06/03/2018;874,76;0,00%;0,56%;;;;
07/03/2018;883,83;1,04%;0,33%;;;;
08/03/2018;895,25;1,29%;0,42%;;;;
09/03/2018;888,36;-0,77%;1,79%;;;;
12/03/2018;888,36;0,00%;0,36%;;;;
13/03/2018;888,36;0,00%;-1,02%;;;;
14/03/2018;896,29;0,89%;-0,19%;;;;
15/03/2018;913,29;1,90%;-0,20%;;;;
16/03/2018;908,76;-0,50%;0,00%;;;;
19/03/2018;911,02;0,25%;-1,84%;;;;
20/03/2018;913,29;0,25%;0,27%;;;;
21/03/2018;922,35;0,99%;-0,26%;;;;
22/03/2018;922,35;0,00%;-2,43%;;;;
23/03/2018;915,56;-0,74%;-2,43%;;;;
26/03/2018;920,09;0,49%;3,26%;;;;
27/03/2018;933,69;1,48%;-2,93%;;;;
28/03/2018;979,01;4,85%;-0,85%;;;;
29/03/2018;985,81;0,69%;1,64%;;;;
02/04/2018;974,48;-1,15%;-2,74%;;;;
03/04/2018;972,21;-0,23%;1,04%;;;;
04/04/2018;969,94;-0,23%;1,45%;;;;
05/04/2018;988,07;1,87%;0,49%;;;;
06/04/2018;988,07;0,00%;-2,28%;;;;
09/04/2018;988,07;0,00%;0,51%;;;;
10/04/2018;997,14;0,92%;2,07%;;;;
11/04/2018;997,14;0,00%;-0,36%;;;;
12/04/2018;985,81;-1,14%;1,01%;;;;
13/04/2018;985,81;0,00%;-0,47%;;;;
16/04/2018;992,61;0,69%;0,70%;;;;
17/04/2018;997,14;0,46%;1,74%;;;;
18/04/2018;983,54;-1,36%;0,19%;;;;
19/04/2018;997,14;1,38%;-0,78%;;;;
20/04/2018;990,34;-0,68%;-1,27%;;;;
23/04/2018;983,54;-0,69%;-0,25%;;;;
24/04/2018;983,54;0,00%;-1,70%;;;;
25/04/2018;969,94;-1,38%;-0,05%;;;;
26/04/2018;976,74;0,70%;1,64%;;;;
27/04/2018;985,81;0,93%;0,02%;;;;
30/04/2018;979,01;-0,69%;-0,75%;;;;
01/05/2018;994,87;1,62%;0,91%;;;;
02/05/2018;983,54;-1,14%;-0,42%;;;;
03/05/2018;976,74;-0,69%;-0,18%;;;;
04/05/2018;990,34;1,39%;1,71%;;;;
07/05/2018;990,34;0,00%;0,77%;;;;
08/05/2018;979,01;-1,14%;0,02%;;;;
09/05/2018;988,07;0,93%;1,00%;;;;
10/05/2018;993,06;0,51%;0,89%;;;;
11/05/2018;979,43;-1,37%;-0,03%;;;;
14/05/2018;965,79;-1,39%;0,11%;;;;
15/05/2018;961,25;-0,47%;-0,81%;;;;
16/05/2018;954,43;-0,71%;0,63%;;;;
17/05/2018;958,97;0,48%;-0,21%;;;;
18/05/2018;958,97;0,00%;-0,38%;;;;
21/05/2018;961,25;0,24%;0,54%;;;;
22/05/2018;963,52;0,24%;-0,21%;;;;
23/05/2018;963,52;0,00%;0,64%;;;;
24/05/2018;958,97;-0,47%;-0,02%;;;;
25/05/2018;958,97;0,00%;0,13%;;;;
29/05/2018;958,97;0,00%;-0,50%;;;;
30/05/2018;956,7;-0,24%;0,89%;;;;
31/05/2018;981,7;2,61%;-0,27%;;;;
01/06/2018;986,24;0,46%;1,51%;;;;
04/06/2018;981,7;-0,46%;0,69%;;;;
05/06/2018;974,88;-0,69%;0,41%;;;;
06/06/2018;974,88;0,00%;0,67%;;;;
07/06/2018;974,88;0,00%;-0,70%;;;;
08/06/2018;968,06;-0,70%;0,14%;;;;
11/06/2018;972,61;0,47%;0,19%;;;;
12/06/2018;974,88;0,23%;0,57%;;;;
13/06/2018;983,97;0,93%;-0,11%;;;;
14/06/2018;999,88;1,62%;0,85%;;;;
15/06/2018;1006,69;0,68%;-0,19%;;;;
18/06/2018;986,24;-2,03%;0,01%;;;;
19/06/2018;1024,87;3,92%;-0,28%;;;;
20/06/2018;981,7;-4,21%;0,72%;;;;
21/06/2018;993,06;1,16%;-0,88%;;;;
22/06/2018;997,61;0,46%;-0,26%;;;;
25/06/2018;1013,51;1,59%;-2,09%;;;;
26/06/2018;997,61;-1,57%;0,39%;;;;
27/06/2018;988,52;-0,91%;-1,54%;;;;
28/06/2018;1033,96;4,60%;0,79%;;;;
29/06/2018;1040,78;0,66%;0,09%;;;;
02/07/2018;970,34;-6,77%;0,76%;;;;
03/07/2018;968,06;-0,23%;-0,86%;;;;
05/07/2018;990,79;2,35%;1,12%;;;;
06/07/2018;979,43;-1,15%;1,34%;;;;
09/07/2018;983,97;0,46%;0,88%;;;;
10/07/2018;979,43;-0,46%;0,04%;;;;
11/07/2018;986,24;0,70%;-0,55%;;;;
12/07/2018;983,97;-0,23%;1,39%;;;;
13/07/2018;968,06;-1,62%;0,03%;;;;
16/07/2018;974,88;0,70%;-0,26%;;;;
17/07/2018;970,34;-0,47%;0,63%;;;;
18/07/2018;974,88;0,47%;-0,01%;;;;
19/07/2018;986,24;1,17%;-0,37%;;;;
20/07/2018;993,06;0,69%;-0,07%;;;;
23/07/2018;981,7;-1,14%;0,28%;;;;
24/07/2018;1015,79;3,47%;-0,01%;;;;
25/07/2018;1015,79;0,00%;1,17%;;;;
26/07/2018;1008,97;-0,67%;-1,01%;;;;
27/07/2018;997,61;-1,13%;-1,46%;;;;
30/07/2018;970,34;-2,73%;-1,39%;;;;
31/07/2018;1011,24;4,22%;0,55%;;;;
01/08/2018;990,79;-2,02%;0,46%;;;;
02/08/2018;1020,33;2,98%;1,24%;;;;
03/08/2018;1006,69;-1,34%;0,12%;;;;
06/08/2018;1015,79;0,90%;0,61%;;;;
07/08/2018;997,61;-1,79%;0,31%;;;;
08/08/2018;997,61;0,00%;0,06%;;;;
09/08/2018;998,06;0,05%;0,04%;;;;
10/08/2018;993,5;-0,46%;-0,67%;;;;
13/08/2018;1016,29;2,29%;-0,25%;;;;
14/08/2018;1023,13;0,67%;0,65%;;;;
15/08/2018;1014,01;-0,89%;-1,23%;;;;
16/08/2018;1018,57;0,45%;0,42%;;;;
17/08/2018;1025,4;0,67%;0,13%;;;;
20/08/2018;1016,29;-0,89%;0,06%;;;;
21/08/2018;998,06;-1,79%;0,49%;;;;
22/08/2018;982,11;-1,60%;0,38%;;;;
23/08/2018;986,67;0,46%;-0,13%;;;;
24/08/2018;979,83;-0,69%;0,86%;;;;
27/08/2018;979,83;0,00%;0,91%;;;;
28/08/2018;970,72;-0,93%;0,15%;;;;
29/08/2018;968,44;-0,23%;0,99%;;;;
30/08/2018;963,88;-0,47%;-0,26%;;;;
31/08/2018;963,88;0,00%;0,26%;;;;
04/09/2018;961,6;-0,24%;-0,23%;;;;
05/09/2018;938,81;-2,37%;-1,19%;;;;
06/09/2018;947,93;0,97%;-0,91%;;;;
07/09/2018;950,21;0,24%;-0,25%;;;;
10/09/2018;952,49;0,24%;0,27%;;;;
11/09/2018;943,37;-0,96%;0,61%;;;;
12/09/2018;918,31;-2,66%;-0,23%;;;;
13/09/2018;925,14;0,74%;0,75%;;;;
14/09/2018;938,81;1,48%;-0,05%;;;;
17/09/2018;934,26;-0,48%;-1,43%;;;;
18/09/2018;941,09;0,73%;0,76%;;;;
19/09/2018;936,54;-0,48%;-0,08%;;;;
20/09/2018;945,65;0,97%;0,98%;;;;
21/09/2018;920,58;-2,65%;-0,51%;;;;
24/09/2018;918,31;-0,25%;0,08%;;;;
25/09/2018;941,09;2,48%;0,18%;;;;
26/09/2018;920,58;-2,18%;-0,21%;;;;
27/09/2018;936,54;1,73%;0,65%;;;;
28/09/2018;943,37;0,73%;0,05%;;;;
01/10/2018;933,35;-1,06%;-0,11%;;;;
02/10/2018;917,85;-1,66%;-0,47%;;;;
03/10/2018;918,31;0,05%;0,32%;;;;
04/10/2018;915,12;-0,35%;-1,81%;;;;
05/10/2018;900,99;-1,54%;-1,16%;;;;
08/10/2018;913,29;1,37%;-0,67%;;;;
09/10/2018;907,82;-0,60%;0,03%;;;;
10/10/2018;895,52;-1,35%;-4,08%;;;;
11/10/2018;890,51;-0,56%;-1,25%;;;;
12/10/2018;879,11;-1,28%;2,29%;;;;
15/10/2018;879,11;0,00%;-0,88%;;;;
16/10/2018;878,2;-0,10%;2,89%;;;;
17/10/2018;867,72;-1,19%;-0,04%;;;;
18/10/2018;887,32;2,26%;-2,06%;;;;
19/10/2018;873,19;-1,59%;-0,48%;;;;
22/10/2018;906,46;3,81%;0,26%;;;;
23/10/2018;902,36;-0,45%;-0,42%;;;;
24/10/2018;898,25;-0,46%;-4,43%;;;;
25/10/2018;889,14;-1,01%;2,95%;;;;
26/10/2018;880,48;-0,97%;-2,07%;;;;
29/10/2018;877,29;-0,36%;-1,63%;;;;
30/10/2018;897,34;2,29%;1,58%;;;;
31/10/2018;921,5;2,69%;2,01%;;;;
01/11/2018;917,4;-0,44%;1,75%;;;;
02/11/2018;904,63;-1,39%;-1,04%;;;;
05/11/2018;904,63;0,00%;-0,38%;;;;
06/11/2018;916,03;1,26%;0,64%;;;;
07/11/2018;929,7;1,49%;2,64%;;;;
08/11/2018;926,74;-0,32%;-0,53%;;;;
09/11/2018;920,79;-0,64%;-1,65%;;;;
12/11/2018;921,25;0,05%;-2,78%;;;;
13/11/2018;919,88;-0,15%;0,00%;;;;
14/11/2018;920,33;0,05%;-0,90%;;;;
15/11/2018;917,13;-0,35%;1,72%;;;;
16/11/2018;907,07;-1,10%;-0,15%;;;;
19/11/2018;901,58;-0,61%;-3,03%;;;;
20/11/2018;898,83;-0,31%;-1,70%;;;;
21/11/2018;911,64;1,43%;0,92%;;;;
23/11/2018;912,1;0,05%;-0,48%;;;;
26/11/2018;892,89;-2,11%;2,06%;;;;
27/11/2018;915,3;2,51%;0,01%;;;;
28/11/2018;917,13;0,20%;2,95%;;;;
29/11/2018;917,13;0,00%;-0,25%;;;;
30/11/2018;904,78;-1,35%;0,79%;;;;
03/12/2018;924,45;2,17%;1,51%;;;;
04/12/2018;910,27;-1,53%;-3,80%;;;;
06/12/2018;904,32;-0,65%;0,42%;;;;
07/12/2018;914,39;1,11%;-3,05%;;;;
10/12/2018;891,06;-2,55%;0,74%;;;;
11/12/2018;876,42;-1,64%;0,16%;;;;
12/12/2018;891,52;1,72%;0,95%;;;;
13/12/2018;874,59;-1,90%;-0,39%;;;;
14/12/2018;870,47;-0,47%;-2,26%;;;;
17/12/2018;869,56;-0,10%;-2,27%;;;;
18/12/2018;887,4;2,05%;0,45%;;;;
19/12/2018;875,05;-1,39%;-2,17%;;;;
20/12/2018;873,68;-0,16%;-1,63%;;;;
21/12/2018;859,04;-1,68%;-2,99%;;;;
24/12/2018;910,27;5,96%;-2,21%;;;;
26/12/2018;878,71;-3,47%;5,84%;;;;
27/12/2018;873,68;-0,57%;0,38%;;;;
28/12/2018;903,41;3,40%;0,08%;;;;
31/12/2018;911,64;0,91%;0,77%;;;;
02/01/2019;891,97;-2,16%;0,46%;;;;
03/01/2019;879,62;-1,38%;-3,04%;;;;
04/01/2019;886,48;0,78%;4,26%;;;;
07/01/2019;890,6;0,46%;1,26%;;;;
08/01/2019;899,29;0,98%;1,08%;;;;
09/01/2019;902,95;0,41%;0,87%;;;;
10/01/2019;895,18;-0,86%;0,42%;;;;
11/01/2019;890,14;-0,56%;-0,21%;;;;
14/01/2019;881,45;-0,98%;-0,94%;;;;
15/01/2019;885,57;0,47%;1,71%;;;;
16/01/2019;903,41;2,01%;0,15%;;;;
17/01/2019;887,4;-1,77%;0,71%;;;;
18/01/2019;888,77;0,15%;1,03%;;;;
22/01/2019;887,86;-0,10%;-1,91%;;;;
23/01/2019;898,83;1,24%;0,08%;;;;
24/01/2019;903,41;0,51%;0,68%;;;;
25/01/2019;895,63;-0,86%;1,29%;;;;
28/01/2019;887,4;-0,92%;-1,11%;;;;
29/01/2019;894,72;0,82%;-0,81%;;;;
30/01/2019;899,29;0,51%;2,20%;;;;
31/01/2019;888,31;-1,22%;1,37%;;;;
01/02/2019;883,74;-0,51%;-0,25%;;;;
04/02/2019;879,17;-0,52%;1,15%;;;;
05/02/2019;870,93;-0,94%;0,74%;;;;
06/02/2019;839,83;-3,57%;-0,36%;;;;
07/02/2019;852,18;1,47%;-1,18%;;;;
08/02/2019;847,15;-0,59%;0,14%;;;;
11/02/2019;840,74;-0,76%;0,13%;;;;
12/02/2019;838,45;-0,27%;1,46%;;;;
13/02/2019;862,24;2,84%;0,08%;;;;
14/02/2019;840,97;-2,47%;0,09%;;;;
15/02/2019;842,35;0,16%;0,61%;;;;
19/02/2019;862,56;2,40%;0,19%;;;;
20/02/2019;857,51;-0,59%;0,03%;;;;
21/02/2019;850,16;-0,86%;-0,39%;;;;
22/02/2019;849,7;-0,05%;0,91%;;;;
25/02/2019;843,73;-0,70%;0,36%;T0;120;;
26/02/2019;863,48;2,34%;-0,07%;;119;;
27/02/2019;852,91;-1,22%;0,07%;;118;;
28/02/2019;857,51;0,54%;-0,29%;;117;;
01/03/2019;869,91;1,45%;0,83%;;116;;
04/03/2019;852,91;-1,95%;-0,23%;;115;;
05/03/2019;851,53;-0,16%;-0,02%;;114;;
06/03/2019;857,51;0,70%;-0,93%;;113;;
07/03/2019;844,19;-1,55%;-1,13%;;112;;
08/03/2019;846,94;0,33%;-0,18%;;111;;
11/03/2019;861,18;1,68%;2,02%;;110;;
12/03/2019;856,59;-0,53%;0,44%;;109;;
13/03/2019;858,88;0,27%;0,69%;;108;;
14/03/2019;860,72;0,21%;-0,16%;;107;;
15/03/2019;850,62;-1,17%;0,76%;;106;;
18/03/2019;858,88;0,97%;0,34%;;105;;
19/03/2019;850,62;-0,96%;0,12%;;104;;
20/03/2019;853,6;0,35%;0,06%;;103;;
21/03/2019;851,07;-0,30%;1,42%;;102;;
22/03/2019;818,47;-3,83%;-2,50%;;101;;
25/03/2019;761,97;-6,90%;-0,07%;;100;;
26/03/2019;796,42;4,52%;0,71%;;99;;
27/03/2019;808,36;1,50%;-0,63%;;98;;
28/03/2019;829,49;2,61%;0,34%;;97;;
29/03/2019;816,17;-1,61%;0,78%;;96;;
01/04/2019;822,14;0,73%;1,29%;;95;;
02/04/2019;829,95;0,95%;0,25%;;94;;
03/04/2019;840,05;1,22%;0,60%;;93;;
04/04/2019;845,1;0,60%;-0,05%;;92;;
05/04/2019;844,19;-0,11%;0,59%;;91;;
08/04/2019;840,97;-0,38%;0,19%;;90;;
09/04/2019;838,67;-0,27%;-0,56%;;89;;
10/04/2019;844,19;0,66%;0,69%;;88;;
11/04/2019;839,59;-0,54%;-0,21%;;87;;
12/04/2019;837,3;-0,27%;0,46%;;86;;
15/04/2019;848,78;1,37%;-0,10%;;85;;
16/04/2019;840,97;-0,92%;0,30%;;84;;
17/04/2019;839,13;-0,22%;-0,05%;;83;;
18/04/2019;849,7;1,26%;0,02%;;82;;
22/04/2019;843,73;-0,70%;0,22%;;81;;
23/04/2019;850,62;0,82%;1,32%;;80;;
24/04/2019;846,48;-0,49%;-0,23%;;79;;
25/04/2019;854,29;0,92%;0,21%;;78;;
26/04/2019;854,75;0,05%;0,34%;;77;;
29/04/2019;863,48;1,02%;0,19%;;76;;
30/04/2019;862,56;-0,11%;-0,81%;;75;;
01/05/2019;862,56;0,00%;-0,57%;;74;;
02/05/2019;870,37;0,91%;-0,16%;;73;;
03/05/2019;889,2;2,16%;1,58%;;72;;
06/05/2019;864,4;-2,79%;-0,50%;;71;;
07/05/2019;872,66;0,96%;-1,96%;;70;;
08/05/2019;873,12;0,05%;-0,26%;;69;;
09/05/2019;869,45;-0,42%;-0,41%;;68;;
10/05/2019;873,81;0,50%;0,08%;;67;;
13/05/2019;864,13;-1,11%;-3,41%;;66;;
14/05/2019;873,81;1,12%;1,14%;;65;;
15/05/2019;873,35;-0,05%;1,13%;;64;;
16/05/2019;876,12;0,32%;0,97%;;63;;
17/05/2019;869,66;-0,74%;-1,04%;;62;;
20/05/2019;875,66;0,69%;-1,46%;;61;;
21/05/2019;875,66;0,00%;1,08%;;60;;
22/05/2019;867,35;-0,95%;-0,45%;;59;;
23/05/2019;849,37;-2,07%;-1,58%;;58;;
24/05/2019;864,59;1,79%;0,11%;;57;;
28/05/2019;871,97;0,85%;-0,39%;;56;;
29/05/2019;865,51;-0,74%;-0,79%;;55;;
30/05/2019;873,81;0,96%;0,27%;;54;;
31/05/2019;860,44;-1,53%;-1,51%;;53;;
03/06/2019;867,35;0,80%;-1,61%;;52;;
04/06/2019;875,66;0,96%;2,65%;;51;;
05/06/2019;865,51;-1,16%;0,64%;;50;;
06/06/2019;872,89;0,85%;0,53%;;49;;
07/06/2019;860,44;-1,43%;1,66%;;48;;
10/06/2019;866,89;0,75%;1,05%;;47;;
11/06/2019;869,2;0,27%;-0,01%;;46;;
12/06/2019;874,73;0,64%;-0,38%;;45;;
13/06/2019;877,5;0,32%;0,57%;;44;;
14/06/2019;867,35;-1,16%;-0,52%;;43;;
17/06/2019;872,89;0,64%;0,62%;;42;;
18/06/2019;863,67;-1,06%;1,39%;;41;;
19/06/2019;866,89;0,37%;0,42%;;40;;
20/06/2019;862,28;-0,53%;0,80%;;39;;
21/06/2019;870,12;0,91%;-0,24%;;38;;
24/06/2019;834,15;-4,13%;-0,32%;;37;;
25/06/2019;808,79;-3,04%;-1,51%;;36;;
26/06/2019;825,39;2,05%;0,32%;;35;;
27/06/2019;834,15;1,06%;0,73%;;34;;
28/06/2019;851,68;2,10%;0,48%;;33;;
01/07/2019;827,7;-2,82%;1,06%;;32;;
02/07/2019;839,69;1,45%;0,22%;;31;;
03/07/2019;837,61;-0,25%;0,75%;;30;;
05/07/2019;841,07;0,41%;-0,10%;;29;;
08/07/2019;850,29;1,10%;-0,78%;;28;;
09/07/2019;843,38;-0,81%;0,54%;;27;;
10/07/2019;834,62;-1,04%;0,75%;;26;;
11/07/2019;827,7;-0,83%;-0,08%;;25;;
12/07/2019;835,54;0,95%;0,59%;;24;;
15/07/2019;845,22;1,16%;0,17%;;23;;
16/07/2019;843,38;-0,22%;-0,43%;;22;;
17/07/2019;837,84;-0,66%;-0,46%;;21;;
18/07/2019;843,84;0,72%;0,27%;T1;20;;
19/07/2019;839,23;-0,55%;-0,74%;;19;Got T1;Should it be a day earlier?
22/07/2019;837,84;-0,17%;0,71%;;18;;
23/07/2019;821,7;-1,93%;0,58%;;17;;
24/07/2019;833,23;1,40%;0,85%;;16;;
25/07/2019;825,39;-0,94%;-1,00%;;15;;
26/07/2019;838,3;1,56%;1,11%;;14;;
29/07/2019;843,84;0,66%;-0,44%;;13;;
30/07/2019;839,23;-0,55%;-0,24%;;12;;
31/07/2019;839,69;0,05%;-1,19%;;11;;
01/08/2019;826,78;-1,54%;-0,79%;;10;;
02/08/2019;812,48;-1,73%;-1,32%;;9;;
05/08/2019;784,35;-3,46%;-3,47%;;8;;
06/08/2019;788,5;0,53%;1,39%;;7;;
07/08/2019;803,72;1,93%;0,38%;;6;;
08/08/2019;786,2;-2,18%;2,24%;;5;;
09/08/2019;788,73;0,32%;-1,00%;;4;;
12/08/2019;796,61;1,00%;-1,20%;;3;;
13/08/2019;802,63;0,76%;1,95%;;2;;
14/08/2019;765,58;-4,62%;-3,02%;;1;;
15/08/2019;777,62;1,57%;-0,09%;Event!;0;Found event;
16/08/2019;808,19;3,93%;1,67%;;1;;
19/08/2019;796,15;-1,49%;1,35%;;2;;
20/08/2019;794,76;-0,17%;-0,68%;;3;;
21/08/2019;786,88;-0,99%;0,90%;;4;;
22/08/2019;787,81;0,12%;-0,36%;;5;;
23/08/2019;782,71;-0,65%;-3,00%;;6;;
26/08/2019;801,7;2,43%;1,32%;;7;;
27/08/2019;794,29;-0,92%;-0,34%;;8;;
28/08/2019;786,42;-0,99%;0,38%;;9;;
29/08/2019;798,92;1,59%;1,48%;;10;;
30/08/2019;806,33;0,93%;-0,13%;;11;;
03/09/2019;802,63;-0,46%;-1,11%;;12;;
04/09/2019;798;-0,58%;1,30%;;13;;
05/09/2019;801,7;0,46%;1,75%;;14;;
06/09/2019;802,63;0,12%;-0,17%;;15;;
09/09/2019;827,18;3,06%;-0,19%;;16;;
10/09/2019;852,19;3,02%;-0,04%;;17;;
11/09/2019;891,55;4,62%;1,06%;;18;;
12/09/2019;886,46;-0,57%;0,30%;;19;;
13/09/2019;872,56;-1,57%;-0,22%;T2;20;Got T2;
16/09/2019;877,2;0,53%;-0,28%;;;;
17/09/2019;873,49;-0,42%;0,40%;;;;
18/09/2019;846,63;-3,08%;-0,11%;;;;
19/09/2019;853,11;0,77%;0,07%;;;;
20/09/2019;850,33;-0,33%;-0,80%;;;;
23/09/2019;843,85;-0,76%;-0,06%;;;;
24/09/2019;834,12;-1,15%;-1,46%;;;;
25/09/2019;859,13;3,00%;1,05%;;;;
26/09/2019;857,28;-0,22%;-0,58%;;;;
27/09/2019;878,12;2,43%;-1,13%;;;;
30/09/2019;868,4;-1,11%;0,75%;;;;
01/10/2019;884,61;1,87%;-1,13%;;;;
02/10/2019;897,57;1,47%;-1,56%;;;;
03/10/2019;880,44;-1,91%;1,12%;;;;
04/10/2019;879,97;-0,05%;1,40%;;;;
07/10/2019;880,44;0,05%;-0,33%;;;;
08/10/2019;879,05;-0,16%;-1,67%;;;;
09/10/2019;881,36;0,26%;1,02%;;;;
10/10/2019;879,97;-0,16%;0,60%;;;;
11/10/2019;882,75;0,32%;1,34%;;;;
14/10/2019;889,7;0,79%;-0,10%;;;;
15/10/2019;890,63;0,10%;1,24%;;;;
16/10/2019;883,68;-0,78%;-0,30%;;;;
17/10/2019;891,55;0,89%;0,40%;;;;
18/10/2019;885,53;-0,68%;-0,83%;;;;
21/10/2019;897,57;1,36%;0,91%;;;;
22/10/2019;890,98;-0,73%;-0,72%;;;;
23/10/2019;880,9;-1,13%;0,19%;;;;
24/10/2019;886,69;0,66%;0,81%;;;;
25/10/2019;891,34;0,52%;0,70%;;;;
28/10/2019;883,44;-0,89%;1,01%;;;;
29/10/2019;887,15;0,42%;-0,59%;;;;
30/10/2019;888,08;0,10%;0,33%;;;;
31/10/2019;882,97;-0,58%;-0,14%;;;;
01/11/2019;887,62;0,53%;1,13%;;;;
04/11/2019;892,73;0,58%;0,56%;;;;
05/11/2019;899,71;0,78%;0,02%;;;;
06/11/2019;892,73;-0,78%;-0,29%;;;;
07/11/2019;895,52;0,31%;0,28%;;;;
08/11/2019;898,78;0,36%;0,48%;;;;
11/11/2019;898,78;0,00%;-0,13%;;;;
12/11/2019;906,68;0,88%;0,26%;;;;
13/11/2019;891,34;-1,69%;-0,05%;;;;
14/11/2019;897,38;0,68%;-0,04%;;;;
15/11/2019;900,64;0,36%;0,73%;;;;
18/11/2019;910,87;1,14%;0,11%;;;;
19/11/2019;910,4;-0,05%;0,24%;;;;
20/11/2019;909,47;-0,10%;-0,51%;;;;
21/11/2019;906,68;-0,31%;-0,24%;;;;
22/11/2019;910,87;0,46%;0,16%;;;;
25/11/2019;928,54;1,94%;1,32%;;;;
26/11/2019;943,88;1,65%;0,18%;;;;
27/11/2019;940,16;-0,39%;0,66%;;;;
29/11/2019;947,6;0,79%;-0,46%;;;;
02/12/2019;942,95;-0,49%;-1,12%;;;;
03/12/2019;925,75;-1,82%;-0,55%;;;;
04/12/2019;930,86;0,55%;0,54%;;;;
05/12/2019;941,56;1,15%;0,05%;;;;
06/12/2019;985,73;4,69%;1,00%;;;;
09/12/2019;1001,07;1,56%;-0,40%;;;;
10/12/2019;1007,12;0,60%;-0,07%;;;;
11/12/2019;1000,14;-0,69%;0,44%;;;;
12/12/2019;999,68;-0,05%;0,73%;;;;
13/12/2019;1006,65;0,70%;0,20%;;;;
16/12/2019;992,7;-1,39%;0,91%;;;;
17/12/2019;1005,26;1,27%;0,10%;;;;
18/12/2019;998,28;-0,69%;0,05%;;;;
19/12/2019;1015,95;1,77%;0,67%;;;;
20/12/2019;1012,7;-0,32%;0,42%;;;;
23/12/2019;1006,65;-0,60%;0,23%;;;;
24/12/2019;1009,44;0,28%;0,08%;;;;
26/12/2019;1009,91;0,05%;0,78%;;;;
27/12/2019;1013,63;0,37%;-0,17%;;;;
30/12/2019;1013,63;0,00%;-0,67%;;;;
31/12/2019;1028,97;1,51%;0,30%;;;;
02/01/2020;1044,31;1,49%;1,33%;;;;
03/01/2020;1037,34;-0,67%;-0,79%;;;;
06/01/2020;1019,21;-1,75%;0,56%;;;;
07/01/2020;1008,98;-1,00%;-0,03%;;;;
08/01/2020;1015,95;0,69%;0,67%;;;;
09/01/2020;1014,56;-0,14%;0,81%;;;;
10/01/2020;1022,92;0,82%;-0,27%;;;;
13/01/2020;1030,36;0,73%;1,04%;;;;
14/01/2020;1024,32;-0,59%;-0,24%;;;;
15/01/2020;1009,44;-1,45%;0,08%;;;;
16/01/2020;1020,14;1,06%;1,06%;;;;
17/01/2020;1016,88;-0,32%;0,34%;;;;
21/01/2020;1011,77;-0,50%;-0,19%;;;;
22/01/2020;1010,84;-0,09%;0,14%;;;;
23/01/2020;1008,98;-0,18%;0,20%;;;;
24/01/2020;1012,7;0,37%;-0,93%;;;;
27/01/2020;998,75;-1,38%;-1,89%;;;;
28/01/2020;1011,77;1,30%;1,43%;;;;
29/01/2020;1010,37;-0,14%;0,06%;;;;
30/01/2020;985,73;-2,44%;0,26%;;;;
31/01/2020;936,91;-4,95%;-1,59%;;;;
03/02/2020;973,17;3,87%;1,34%;;;;
04/02/2020;983,4;1,05%;2,10%;;;;
05/02/2020;982,01;-0,14%;0,43%;;;;
06/02/2020;976,43;-0,57%;0,67%;;;;
07/02/2020;942,95;-3,43%;-0,54%;;;;
10/02/2020;929,93;-1,38%;1,13%;;;;
11/02/2020;942,02;1,30%;0,11%;;;;
12/02/2020;956,9;1,58%;0,90%;;;;
13/02/2020;974,1;1,80%;-0,14%;;;;
14/02/2020;957,76;-1,68%;0,20%;;;;
18/02/2020;961,96;0,44%;0,02%;;;;
19/02/2020;960,09;-0,19%;0,87%;;;;
20/02/2020;973,64;1,41%;-0,67%;;;;
21/02/2020;983,91;1,05%;-1,79%;;;;
24/02/2020;938,61;-4,60%;-3,71%;;;;
25/02/2020;927,87;-1,14%;-2,77%;;;;
26/02/2020;919;-0,96%;0,17%;;;;
27/02/2020;909,19;-1,07%;-4,61%;;;;
28/02/2020;855,49;-5,91%;0,01%;;;;
02/03/2020;868,1;1,47%;4,49%;;;;
03/03/2020;849,89;-2,10%;-2,99%;;;;
04/03/2020;849,42;-0,06%;3,85%;;;;
05/03/2020;820;-3,46%;-3,10%;;;;
06/03/2020;825,61;0,68%;-1,86%;;;;
09/03/2020;692,52;-16,12%;-7,29%;;;;
10/03/2020;711,67;2,77%;4,95%;;;;
11/03/2020;700,46;-1,58%;-4,70%;;;;
12/03/2020;630,88;-9,93%;-9,43%;;;;
13/03/2020;683,18;8,29%;9,35%;;;;
16/03/2020;542,15;-20,64%;-12,32%;;;;
17/03/2020;575,31;6,12%;6,23%;;;;
18/03/2020;564,1;-1,95%;-4,70%;;;;
19/03/2020;597,72;5,96%;2,30%;;;;
20/03/2020;595,39;-0,39%;-3,79%;;;;
23/03/2020;588,38;-1,18%;-0,27%;;;;
24/03/2020;592,12;0,64%;8,12%;;;;
25/03/2020;579,51;-2,13%;-0,45%;;;;
26/03/2020;621,07;7,17%;5,60%;;;;
27/03/2020;602,39;-3,01%;-3,79%;;;;
30/03/2020;629,95;4,58%;3,62%;;;;
31/03/2020;618,74;-1,78%;-0,95%;;;;
01/04/2020;547,29;-11,55%;-4,41%;;;;
02/04/2020;587,92;7,42%;1,72%;;;;
03/04/2020;563,64;-4,13%;-1,53%;;;;
06/04/2020;513,2;-8,95%;7,33%;;;;
07/04/2020;548,69;6,92%;-0,33%;;;;
08/04/2020;605,66;10,38%;2,58%;;;;
09/04/2020;609,87;0,70%;0,77%;;;;
13/04/2020;567,37;-6,97%;0,48%;;;;
14/04/2020;598,19;5,43%;3,95%;;;;
15/04/2020;505,73;-15,46%;-1,44%;;;;
16/04/2020;490,32;-3,05%;1,66%;;;;
17/04/2020;511,33;4,28%;1,38%;;;;
20/04/2020;486,58;-4,84%;-1,03%;;;;
21/04/2020;485,65;-0,19%;-3,48%;;;;
22/04/2020;484,25;-0,29%;2,81%;;;;
23/04/2020;461,37;-4,72%;-0,01%;;;;
24/04/2020;488,45;5,87%;1,65%;;;;
27/04/2020;532,81;9,08%;1,11%;;;;
28/04/2020;543,56;2,02%;-1,40%;;;;
29/04/2020;624,34;14,86%;3,57%;;;;
30/04/2020;593,05;-5,01%;-0,28%;;;;
01/05/2020;607,06;2,36%;-3,20%;;;;
04/05/2020;572,97;-5,62%;1,23%;;;;
05/05/2020;569,71;-0,57%;1,13%;;;;
06/05/2020;572,51;0,49%;0,51%;;;;
07/05/2020;588,38;2,77%;1,41%;;;;
08/05/2020;598,66;1,75%;1,58%;;;;
11/05/2020;607,06;1,40%;0,78%;;;;
12/05/2020;569,92;-6,12%;-2,06%;;;;
13/05/2020;555,81;-2,48%;-1,55%;;;;
14/05/2020;540,76;-2,71%;0,91%;;;;
15/05/2020;547,81;1,30%;0,79%;;;;
18/05/2020;610,35;11,42%;2,44%;;;;
19/05/2020;519,13;-14,95%;-0,54%;;;;
20/05/2020;564,27;8,70%;2,08%;;;;
21/05/2020;553,93;-1,83%;-0,97%;;;;
22/05/2020;552,99;-0,17%;0,43%;;;;
26/05/2020;598,13;8,16%;0,17%;;;;
27/05/2020;616,47;3,07%;0,77%;;;;
28/05/2020;609,41;-1,15%;-0,46%;;;;
29/05/2020;603,77;-0,93%;1,29%;;;;
01/06/2020;603,77;0,00%;0,66%;;;;
02/06/2020;595,78;-1,32%;0,59%;;;;
03/06/2020;624,46;4,81%;0,78%;;;;
04/06/2020;630,1;0,90%;-0,69%;;;;
05/06/2020;660,67;4,85%;2,06%;;;;
08/06/2020;675,72;2,28%;1,13%;;;;
09/06/2020;649,38;-3,90%;0,29%;;;;
10/06/2020;627,75;-3,33%;0,67%;;;;
11/06/2020;585,9;-6,67%;-5,27%;;;;
12/06/2020;583,08;-0,48%;1,01%;;;;
15/06/2020;647,5;11,05%;1,43%;;;;
16/06/2020;615,06;-5,01%;1,75%;;;;
17/06/2020;588,72;-4,28%;0,15%;;;;
18/06/2020;593,9;0,88%;0,33%;;;;
19/06/2020;603,77;1,66%;0,03%;;;;
22/06/2020;605,65;0,31%;1,11%;;;;
23/06/2020;595,31;-1,71%;0,74%;;;;
24/06/2020;576,03;-3,24%;-2,19%;;;;
25/06/2020;576,03;0,00%;1,09%;;;;
26/06/2020;517,72;-10,12%;-2,59%;;;;
29/06/2020;575,56;11,17%;1,20%;;;;
30/06/2020;583,08;1,31%;1,87%;;;;
01/07/2020;575,09;-1,37%;0,95%;;;;
02/07/2020;591,55;2,86%;0,52%;;;;
06/07/2020;578,85;-2,15%;2,21%;;;;
07/07/2020;565,21;-2,36%;-0,86%;;;;
08/07/2020;558,16;-1,25%;1,44%;;;;
09/07/2020;548,76;-1,68%;0,53%;;;;
10/07/2020;557,22;1,54%;0,66%;;;;
13/07/2020;557,22;0,00%;-2,13%;;;;
14/07/2020;559,57;0,42%;0,94%;;;;
15/07/2020;580,73;3,78%;0,59%;;;;
16/07/2020;567,56;-2,27%;-0,73%;;;;
17/07/2020;553,46;-2,48%;0,28%;;;;
20/07/2020;556,75;0,59%;2,51%;;;;
21/07/2020;576,97;3,63%;-0,81%;;;;
22/07/2020;570,86;-1,06%;0,24%;;;;
23/07/2020;576,5;0,99%;-2,29%;;;;
24/07/2020;559,57;-2,94%;-0,94%;;;;
27/07/2020;581,67;3,95%;1,67%;;;;
28/07/2020;585,9;0,73%;-1,27%;;;;
29/07/2020;575,09;-1,85%;1,35%;;;;
30/07/2020;564,74;-1,80%;0,43%;;;;
31/07/2020;581,2;2,91%;1,49%;;;;
03/08/2020;575,09;-1,05%;1,47%;;;;
04/08/2020;574,15;-0,16%;0,35%;;;;
05/08/2020;594,37;3,52%;0,52%;;;;
06/08/2020;576,5;-3,01%;1,00%;;;;
07/08/2020;594,84;3,18%;-0,87%;;;;
10/08/2020;624,46;4,98%;-0,39%;;;;
11/08/2020;630,1;0,90%;-1,69%;;;;
12/08/2020;635,31;0,83%;2,13%;;;;
13/08/2020;626,32;-1,42%;0,27%;;;;
14/08/2020;638,15;1,89%;-0,21%;;;;
17/08/2020;622,53;-2,45%;1,00%;;;;
18/08/2020;619,22;-0,53%;0,73%;;;;
19/08/2020;621,58;0,38%;-0,57%;;;;
20/08/2020;619,22;-0,38%;1,06%;;;;
21/08/2020;575,66;-7,03%;0,42%;;;;
24/08/2020;577,56;0,33%;0,60%;;;;
25/08/2020;596,49;3,28%;0,76%;;;;
26/08/2020;584,66;-1,98%;1,73%;;;;
27/08/2020;594,6;1,70%;-0,34%;;;;
28/08/2020;594,13;-0,08%;0,60%;;;;
31/08/2020;576,14;-3,03%;0,68%;;;;
01/09/2020;575,19;-0,16%;1,39%;;;;
02/09/2020;571,88;-0,58%;0,98%;;;;
03/09/2020;567,61;-0,75%;-4,96%;;;;
04/09/2020;568,09;0,08%;-1,27%;;;;
08/09/2020;560,99;-1,25%;-4,11%;;;;
09/09/2020;561,46;0,08%;2,71%;;;;
10/09/2020;562,41;0,17%;-1,99%;;;;
11/09/2020;563,35;0,17%;-0,60%;;;;
14/09/2020;574,72;2,02%;1,87%;;;;
15/09/2020;569,51;-0,91%;1,21%;;;;
16/09/2020;571,4;0,33%;-1,25%;;;;
17/09/2020;572,35;0,17%;-1,27%;;;;
18/09/2020;587,02;2,56%;-1,07%;;;;
21/09/2020;562,41;-4,19%;-0,13%;;;;
22/09/2020;555,78;-1,18%;1,71%;;;;
23/09/2020;533,53;-4,00%;-3,02%;;;;
24/09/2020;527,85;-1,06%;0,37%;;;;
25/09/2020;531,64;0,72%;2,26%;;;;
28/09/2020;554,83;4,36%;1,87%;;;;
29/09/2020;565,72;1,96%;-0,29%;;;;
30/09/2020;563,35;-0,42%;0,74%;;;;
01/10/2020;560,04;-0,59%;1,42%;;;;
02/10/2020;558,15;-0,34%;-2,22%;;;;
05/10/2020;568,09;1,78%;2,32%;;;;
06/10/2020;578,5;1,83%;-1,57%;;;;
07/10/2020;565,72;-2,21%;1,88%;;;;
08/10/2020;587,02;3,77%;0,50%;;;;
09/10/2020;598,86;2,02%;1,39%;;;;
12/10/2020;581,34;-2,93%;2,56%;;;;
13/10/2020;573,77;-1,30%;-0,10%;;;;
14/10/2020;568,56;-0,91%;-0,80%;;;;
15/10/2020;588,92;3,58%;-0,47%;;;;
16/10/2020;588,44;-0,08%;-0,36%;;;;
19/10/2020;579,92;-1,45%;-1,65%;;;;
20/10/2020;584,66;0,82%;0,33%;;;;
21/10/2020;591,76;1,21%;-0,28%;;;;
22/10/2020;585,13;-1,12%;0,19%;;;;
23/10/2020;634,84;8,50%;0,37%;;;;
26/10/2020;615,43;-3,06%;-1,64%;;;;
27/10/2020;617,8;0,39%;0,64%;;;;
28/10/2020;614,96;-0,46%;-3,73%;;;;
29/10/2020;632,95;2,93%;1,64%;;;;
30/10/2020;617,32;-2,47%;-2,45%;;;;
02/11/2020;617,8;0,08%;0,42%;;;;
03/11/2020;657,56;6,44%;1,85%;;;;
04/11/2020;621,58;-5,47%;3,85%;;;;
05/11/2020;621,58;0,00%;2,59%;;;;
06/11/2020;611,64;-1,60%;0,04%;;;;
09/11/2020;734,73;20,12%;-1,53%;;;;
10/11/2020;747,11;1,68%;-1,37%;;;;
11/11/2020;727,58;-2,61%;2,01%;;;;
12/11/2020;696,63;-4,25%;-0,65%;;;;
13/11/2020;712,35;2,26%;1,02%;;;;
16/11/2020;747,11;4,88%;0,80%;;;;
17/11/2020;732,82;-1,91%;-0,21%;;;;
18/11/2020;737,11;0,59%;-0,82%;;;;
19/11/2020;737,58;0,06%;0,87%;;;;
20/11/2020;747,58;1,36%;-0,42%;;;;
23/11/2020;752,82;0,70%;0,22%;;;;
24/11/2020;820,44;8,98%;1,31%;;;;
25/11/2020;797,58;-2,79%;0,48%;;;;
27/11/2020;785,68;-1,49%;0,92%;;;;
30/11/2020;778,06;-0,97%;-0,06%;;;;
01/12/2020;771,87;-0,80%;1,28%;;;;
02/12/2020;778,06;0,80%;-0,05%;;;;
03/12/2020;771,87;-0,80%;0,23%;;;;
04/12/2020;809,96;4,93%;0,70%;;;;
07/12/2020;814,25;0,53%;0,45%;;;;
08/12/2020;858,06;5,38%;0,50%;;;;
09/12/2020;859,48;0,17%;-1,94%;;;;
10/12/2020;871,86;1,44%;0,54%;;;;
11/12/2020;852,34;-2,24%;-0,23%;;;;
14/12/2020;812,34;-4,69%;0,50%;;;;
15/12/2020;868,05;6,86%;1,25%;;;;
16/12/2020;869,96;0,22%;0,50%;;;;
17/12/2020;867,58;-0,27%;0,84%;;;;
18/12/2020;858,53;-1,04%;-0,07%;;;;
21/12/2020;837,1;-2,50%;-0,10%;;;;
22/12/2020;823,29;-1,65%;0,51%;;;;
23/12/2020;812,58;-1,30%;-0,29%;;;;
24/12/2020;806,63;-0,73%;0,26%;;;;
28/12/2020;794,72;-1,48%;0,74%;;;;
29/12/2020;783,77;-1,38%;-0,38%;;;;
30/12/2020;768,54;-1,94%;0,15%;;;;
31/12/2020;755,68;-1,67%;0,14%;;;;
04/01/2021;740,92;-1,95%;-1,47%;;;;
05/01/2021;754,73;1,86%;0,95%;;;;
06/01/2021;837,1;10,91%;-0,61%;;;;
07/01/2021;824,25;-1,54%;2,56%;;;;
08/01/2021;815,68;-1,04%;1,03%;;;;
11/01/2021;800,92;-1,81%;-1,25%;;;;
12/01/2021;811,87;1,37%;0,28%;;;;
13/01/2021;776,15;-4,40%;0,43%;;;;
14/01/2021;765,2;-1,41%;-0,12%;;;;
15/01/2021;749,96;-1,99%;-0,87%;;;;
19/01/2021;740,44;-1,27%;1,53%;;;;
20/01/2021;737,58;-0,39%;1,97%;;;;
21/01/2021;725,2;-1,68%;0,55%;;;;
22/01/2021;736,16;1,51%;0,09%;;;;
25/01/2021;729,49;-0,91%;0,69%;;;;
26/01/2021;736,63;0,98%;-0,07%;;;;
27/01/2021;709,49;-3,68%;-2,61%;;;;
28/01/2021;733,78;3,42%;0,50%;;;;
29/01/2021;734,73;0,13%;-2,00%;;;;
01/02/2021;758,54;3,24%;2,55%;;;;
02/02/2021;772,82;1,88%;1,56%;;;;
03/02/2021;785,2;1,60%;-0,02%;;;;
04/02/2021;812,82;3,52%;1,23%;;;;
05/02/2021;824,25;1,41%;0,57%;;;;
08/02/2021;843,77;2,37%;0,95%;;;;
09/02/2021;840,44;-0,39%;0,14%;;;;
10/02/2021;837,1;-0,40%;-0,25%;;;;
11/02/2021;829,01;-0,97%;0,38%;;;;
12/02/2021;831,88;0,35%;0,50%;;;;
16/02/2021;835,23;0,40%;-0,34%;;;;
17/02/2021;831,88;-0,40%;-0,58%;;;;
18/02/2021;835,71;0,46%;-0,72%;;;;
19/02/2021;835,23;-0,06%;0,07%;;;;
22/02/2021;853,42;2,18%;-2,46%;;;;
23/02/2021;862,51;1,07%;-0,50%;;;;
24/02/2021;866,82;0,50%;0,99%;;;;
25/02/2021;825,66;-4,75%;-3,52%;;;;
26/02/2021;840,02;1,74%;0,56%;;;;
01/03/2021;842,41;0,28%;3,01%;;;;
02/03/2021;842,41;0,00%;-1,69%;;;;
03/03/2021;868,26;3,07%;-2,70%;;;;
04/03/2021;882,14;1,60%;-2,11%;;;;
05/03/2021;933,35;5,81%;1,55%;;;;
08/03/2021;1014,72;8,72%;-2,41%;;;;
09/03/2021;1002,76;-1,18%;3,69%;;;;
10/03/2021;1027,17;2,43%;-0,04%;;;;
11/03/2021;942,93;-8,20%;2,52%;;;;
12/03/2021;934,79;-0,86%;-0,59%;;;;
15/03/2021;918,99;-1,69%;1,05%;;;;
16/03/2021;898,41;-2,24%;0,09%;;;;
17/03/2021;896,02;-0,27%;0,40%;;;;
18/03/2021;885,97;-1,12%;-3,02%;;;;
19/03/2021;888,36;0,27%;0,76%;;;;
22/03/2021;837,62;-5,71%;1,23%;;;;
23/03/2021;841,93;0,51%;-1,12%;;;;
24/03/2021;839,06;-0,34%;-2,01%;;;;
25/03/2021;851,98;1,54%;0,12%;;;;
26/03/2021;884,05;3,76%;1,24%;;;;
29/03/2021;888,36;0,49%;-0,60%;;;;
30/03/2021;884,05;-0,49%;-0,11%;;;;
31/03/2021;842,89;-4,66%;1,54%;;;;
01/04/2021;844,8;0,23%;1,76%;;;;
05/04/2021;837,62;-0,85%;1,67%;;;;
06/04/2021;833,8;-0,46%;-0,05%;;;;
07/04/2021;841,45;0,92%;-0,07%;;;;
08/04/2021;847,2;0,68%;1,03%;;;;
09/04/2021;869,22;2,60%;0,51%;;;;
12/04/2021;869,22;0,00%;-0,36%;;;;
13/04/2021;885,97;1,93%;1,05%;;;;
14/04/2021;894,58;0,97%;-0,99%;;;;
15/04/2021;900,81;0,70%;1,31%;;;;
16/04/2021;922,82;2,44%;0,10%;;;;
19/04/2021;921,87;-0,10%;-0,98%;;;;
20/04/2021;905,59;-1,77%;-0,92%;;;;
21/04/2021;905,11;-0,05%;1,19%;;;;
22/04/2021;896,98;-0,90%;-0,94%;;;;
23/04/2021;899,37;0,27%;1,44%;;;;
26/04/2021;899,85;0,05%;0,87%;;;;
27/04/2021;896,98;-0,32%;-0,34%;;;;
28/04/2021;897,45;0,05%;-0,28%;;;;
29/04/2021;909,9;1,39%;0,22%;;;;
30/04/2021;918,04;0,89%;-0,85%;;;;
03/05/2021;898,89;-2,09%;-0,48%;;;;
04/05/2021;908,94;1,12%;-1,88%;;;;
05/05/2021;902,24;-0,74%;-0,37%;;;;
06/05/2021;899,85;-0,26%;0,37%;;;;
07/05/2021;904,63;0,53%;0,88%;;;;
10/05/2021;885,01;-2,17%;-2,55%;;;;
11/05/2021;888,84;0,43%;-0,09%;;;;
12/05/2021;883,1;-0,65%;-2,67%;;;;
13/05/2021;905,11;2,49%;0,72%;;;;
14/05/2021;952,75;5,26%;2,32%;;;;
17/05/2021;958,04;0,56%;-0,38%;;;;
18/05/2021;952,75;-0,55%;-0,56%;;;;
19/05/2021;974,4;2,27%;-0,03%;;;;
20/05/2021;1004,72;3,11%;1,77%;;;;
21/05/2021;1010,49;0,57%;-0,48%;;;;
24/05/2021;1025,89;1,52%;1,41%;;;;
25/05/2021;1020,12;-0,56%;-0,03%;;;;
26/05/2021;1016,27;-0,38%;0,59%;;;;
27/05/2021;1017,23;0,09%;-0,01%;;;;
28/05/2021;1015,31;-0,19%;0,09%;;;;
01/06/2021;1011,46;-0,38%;-0,09%;;;;
02/06/2021;1011,46;0,00%;0,14%;;;;
03/06/2021;1003,28;-0,81%;-1,03%;;;;
04/06/2021;1012,9;0,96%;1,47%;;;;
07/06/2021;1008,57;-0,43%;0,49%;;;;
08/06/2021;1012,9;0,43%;0,31%;;;;
09/06/2021;1002,79;-1,00%;-0,09%;;;;
10/06/2021;992,69;-1,01%;0,78%;;;;
11/06/2021;999,43;0,68%;0,35%;;;;
14/06/2021;981,62;-1,78%;0,74%;;;;
15/06/2021;977,77;-0,39%;-0,71%;;;;
16/06/2021;991,25;1,38%;-0,24%;;;;
17/06/2021;987,4;-0,39%;0,87%;;;;
18/06/2021;958,04;-2,97%;-0,92%;;;;
21/06/2021;967,67;1,01%;0,79%;;;;
22/06/2021;955,16;-1,29%;0,79%;;;;
23/06/2021;954,68;-0,05%;0,13%;;;;
24/06/2021;981,62;2,82%;0,69%;;;;
25/06/2021;981,14;-0,05%;-0,06%;;;;
28/06/2021;1001,83;2,11%;0,98%;;;;
29/06/2021;984,51;-1,73%;0,19%;;;;
30/06/2021;995,58;1,12%;-0,17%;;;;
01/07/2021;1010,97;1,55%;0,13%;;;;
02/07/2021;1027,33;1,62%;0,81%;;;;
06/07/2021;1002,31;-2,44%;0,17%;;;;
07/07/2021;988,84;-1,34%;0,01%;;;;
08/07/2021;987,4;-0,15%;-0,72%;;;;
09/07/2021;991,97;0,46%;0,98%;;;;
12/07/2021;1047,54;5,60%;0,21%;;;;
13/07/2021;1043,21;-0,41%;-0,38%;;;;
14/07/2021;1037,92;-0,51%;-0,22%;;;;
15/07/2021;1033,59;-0,42%;-0,70%;;;;
16/07/2021;1011,94;-2,09%;-0,80%;;;;
19/07/2021;979,22;-3,23%;-1,06%;;;;
20/07/2021;1006,16;2,75%;1,57%;;;;
21/07/2021;1005,2;-0,10%;0,92%;;;;
22/07/2021;988,84;-1,63%;0,36%;;;;
23/07/2021;1015,31;2,68%;1,04%;;;;
26/07/2021;1019,64;0,43%;0,03%;;;;
27/07/2021;1010,97;-0,85%;-1,21%;;;;
28/07/2021;1034,55;2,33%;0,70%;;;;
29/07/2021;1036;0,14%;0,11%;;;;
30/07/2021;1038,88;0,28%;-0,71%;;;;
02/08/2021;1022,04;-1,62%;0,06%;;;;
03/08/2021;1048,03;2,54%;0,55%;;;;
04/08/2021;1024,93;-2,20%;0,13%;;;;
05/08/2021;1038,4;1,31%;0,78%;;;;
06/08/2021;1053,8;1,48%;-0,40%;;;;
09/08/2021;1056,69;0,27%;0,16%;;;;
10/08/2021;1057,65;0,09%;-0,49%;;;;
11/08/2021;1068,24;1,00%;-0,16%;;;;
12/08/2021;1063,4;-0,45%;0,35%;;;;
13/08/2021;1050,35;-1,23%;0,04%;;;;
16/08/2021;1054,22;0,37%;-0,20%;;;;
17/08/2021;1046,48;-0,73%;-0,93%;;;;
18/08/2021;1037,78;-0,83%;-0,89%;;;;
19/08/2021;1045,03;0,70%;0,11%;;;;
20/08/2021;1046,48;0,14%;1,19%;;;;
23/08/2021;1049,38;0,28%;1,55%;;;;
24/08/2021;1053,25;0,37%;0,52%;;;;
25/08/2021;1047,45;-0,55%;0,15%;;;;
26/08/2021;1047,45;0,00%;-0,64%;;;;
27/08/2021;1051,8;0,42%;1,23%;;;;
30/08/2021;1068,72;1,61%;0,90%;;;;
31/08/2021;1083,22;1,36%;-0,04%;;;;
01/09/2021;1081,77;-0,13%;0,33%;;;;
02/09/2021;1088,05;0,58%;0,14%;;;;
03/09/2021;1075,97;-1,11%;0,21%;;;;
07/09/2021;1072,59;-0,31%;0,07%;;;;
08/09/2021;1073,07;0,04%;-0,57%;;;;
09/09/2021;1079,35;0,59%;-0,25%;;;;
10/09/2021;1064,85;-1,34%;-0,87%;;;;
13/09/2021;1065,33;0,05%;-0,07%;;;;
14/09/2021;1050,83;-1,36%;-0,45%;;;;
15/09/2021;1073,55;2,16%;0,82%;;;;
16/09/2021;1067,75;-0,54%;0,13%;;;;
17/09/2021;1081,77;1,31%;-0,91%;;;;
20/09/2021;1051,8;-2,77%;-2,19%;;;;
21/09/2021;1051,8;0,00%;0,22%;;;;
22/09/2021;1075,97;2,30%;1,02%;;;;
23/09/2021;1100,62;2,29%;1,04%;;;;
24/09/2021;1120,44;1,80%;-0,03%;;;;
27/09/2021;1155,72;3,15%;-0,52%;;;;
28/09/2021;1139,29;-1,42%;-2,83%;;;;
29/09/2021;1157,17;1,57%;-0,24%;;;;
30/09/2021;1144,12;-1,13%;-0,44%;;;;
01/10/2021;1151,86;0,68%;0,82%;;;;
04/10/2021;1154,27;0,21%;-2,14%;;;;
05/10/2021;1154,76;0,04%;1,25%;;;;
06/10/2021;1156,21;0,13%;0,47%;;;;
07/10/2021;1176,99;1,80%;1,05%;;;;
08/10/2021;1177,48;0,04%;-0,51%;;;;
11/10/2021;1161,52;-1,36%;-0,64%;;;;
12/10/2021;1151,37;-0,87%;-0,14%;;;;
13/10/2021;1140,26;-0,96%;0,73%;;;;
14/10/2021;1162,01;1,91%;1,73%;;;;
15/10/2021;1151,86;-0,87%;0,50%;;;;
18/10/2021;1152,82;0,08%;0,84%;;;;
19/10/2021;1146,06;-0,59%;0,71%;;;;
20/10/2021;1167,32;1,86%;-0,05%;;;;
21/10/2021;1157,66;-0,83%;0,62%;;;;
22/10/2021;1169,26;1,00%;-0,82%;;;;
25/10/2021;1176,99;0,66%;0,90%;;;;
26/10/2021;1162,49;-1,23%;0,06%;;;;
27/10/2021;1121,89;-3,49%;0,00%;;;;
28/10/2021;1141,71;1,77%;1,39%;;;;
29/10/2021;1149,44;0,68%;0,33%;;;;
01/11/2021;1195,36;3,99%;0,63%;;;;
02/11/2021;1191,49;-0,32%;0,34%;;;;
03/11/2021;1215,66;2,03%;1,04%;;;;
04/11/2021;1195,84;-1,63%;0,81%;;;;
05/11/2021;1233,06;3,11%;0,20%;;;;
08/11/2021;1238,86;0,47%;0,07%;;;;
09/11/2021;1242,73;0,31%;-0,60%;;;;
10/11/2021;1247,56;0,39%;-1,66%;;;;
11/11/2021;1249,02;0,12%;0,52%;;;;
12/11/2021;1256,3;0,58%;1,00%;;;;
15/11/2021;1249,02;-0,58%;-0,04%;;;;
16/11/2021;1245,14;-0,31%;0,76%;;;;
17/11/2021;1216,02;-2,34%;-0,33%;;;;
18/11/2021;1222,33;0,52%;0,45%;;;;
19/11/2021;1201,47;-1,71%;0,40%;;;;
22/11/2021;1236,4;2,91%;-1,26%;;;;
23/11/2021;1236,4;0,00%;-0,50%;;;;
24/11/2021;1226,21;-0,82%;0,44%;;;;
26/11/2021;1194,67;-2,57%;-2,23%;;;;
29/11/2021;1171,87;-1,91%;1,88%;;;;
30/11/2021;1181,52;0,82%;-1,55%;;;;
01/12/2021;1155,37;-2,21%;-1,83%;;;;
02/12/2021;1192,25;3,19%;0,83%;;;;
03/12/2021;1164,1;-2,36%;-1,92%;;;;
06/12/2021;1200,5;3,13%;0,93%;;;;
07/12/2021;1179,14;-1,78%;3,03%;;;;
08/12/2021;1169,05;-0,86%;0,64%;;;;
09/12/2021;1155,37;-1,17%;-1,71%;;;;
10/12/2021;1165,56;0,88%;0,73%;;;;
13/12/2021;1144,21;-1,83%;-1,39%;;;;
14/12/2021;1200,01;4,88%;-1,14%;;;;
15/12/2021;1193,7;-0,53%;2,15%;;;;
16/12/2021;1223,3;2,48%;-2,47%;;;;
17/12/2021;1189,82;-2,74%;-0,07%;;;;
20/12/2021;1193,22;0,29%;-1,24%;;;;
21/12/2021;1214,08;1,75%;2,40%;;;;
22/12/2021;1215,05;0,08%;1,18%;;;;
23/12/2021;1230,1;1,24%;0,85%;;;;
27/12/2021;1235,43;0,43%;1,39%;;;;
28/12/2021;1255,81;1,65%;-0,56%;;;;
29/12/2021;1260,18;0,35%;-0,10%;;;;
30/12/2021;1238,34;-1,73%;-0,16%;;;;
31/12/2021;1244,17;0,47%;-0,61%;;;;
03/01/2022;1267,94;1,91%;1,20%;;;;
04/01/2022;1291,72;1,88%;-1,33%;;;;
05/01/2022;1299;0,56%;-3,34%;;;;
06/01/2022;1348,49;3,81%;-0,13%;;;;
